Item Description,Model #,Qty,Department,Product Type,Subcategory,Category,Retail,Ext. Retail,Brand,Weight,Ext. Weight,UPC
9-Piece Metal Outdoor Dining Set with Beige Cushions,THD9-305344B,1,Outdoors,Patio Furniture,Patio Dining Furniture,OUTDOOR SEASONAL,1131.5,1131.5,PHI VILLA,229.96,229.96,"644191432341,"
Captiva Charcoal Gray 7-Piece Cast Aluminum Rectangular Outdoor Dining Set,6700-3155,1,Outdoors,Patio Furniture,Patio Dining Furniture,OUTDOOR SEASONAL,1041.9,1041.9,HOMESTYLES,233,233,"095385881184,"
Elite 18 ft. x 9 ft. Rectangular x 52 in. Deep Metal Frame Pool Package with Sand Filter Pump System,P4180952G,1,Outdoors,Pools,Above Ground Pools,OUTDOOR SEASONAL,998,998,Summer Waves,261.03,261.03,"192072034783,"
Carlos 6-Piece Gray Wicker Outdoor Conversation Swivel Chair Set Patio Sofa Set with Blue Cushions and Ottomans,GMKWGY13204060N,1,Outdoors,Patio Furniture,Outdoor Lounge Furniture,OUTDOOR SEASONAL,795.78,795.78,Gymojoy,200,200,"762139696607,"
6-Piece Wicker Patio Conversation Sectional Seating Set with Gray Cushions,PF22192X2-193-194X2-296,1,Outdoors,Patio Furniture,Outdoor Lounge Furniture,OUTDOOR SEASONAL,788.57,788.57,Patio Festival,200,200,"840101646062,"
Sarasota Bronze Finish 5-Piece Cast Aluminum Circular  Outdoor Patio  Dining Set,239071,1,Outdoors,Patio Furniture,Patio Dining Furniture,OUTDOOR SEASONAL,708.76,708.76,Noble House,41.45,41.45,"849114908563,"
Sarasota Bronze Finish 5-Piece Cast Aluminum Circular  Outdoor Patio  Dining Set,239071,1,Outdoors,Patio Furniture,Patio Dining Furniture,OUTDOOR SEASONAL,708.76,708.76,Noble House,41.45,41.45,"849114908563,"
40V 1800-Watt Portable Battery Power Station Inverter Generator and 4-Port Charger (Tool Only),RYI1802BT,1,Outdoors,Outdoor Power Equipment,Generators,OUTDOOR SEASONAL,699,699,RYOBI,12,12,"046396036582,"
Black 7-Piece Metal Outdoor Patio Dining Set with Slat Rectangle Table and Padded Blue Textilene Swivel Chairs,THD7-0604-115BL,1,Outdoors,Patio Furniture,Patio Dining Furniture,OUTDOOR SEASONAL,629.99,629.99,PHI VILLA,221.81,221.81,"644191458679,"
24 in. 4.9 cu. ft. Built-In/Freestanding Outdoor Beverage Center in Stainless Steel with Dual Drawer,ORYD24HD,1,Outdoors,Outdoor Cooking,Outdoor Kitchens,OUTDOOR SEASONAL,609.76,609.76,Velivi,23.42,23.42,"959454228389,"
Dark Brown Comfortable Relax Recliner Rocking Chair,CRLW60739701,1,Furniture,Living Room Furniture,Chairs,OUTDOOR SEASONAL,608.22,608.22,Unbranded,48.4,48.4,"765154628912,"
Swivel Rockers Chairs 3-Piece Aluminum Patio Conversation Set with End Table and Gray Cushions,SF3-GM-A2-HD4,1,Outdoors,Patio Furniture,Outdoor Lounge Furniture,OUTDOOR SEASONAL,577,577,EGEIROSLIFE,200,200,"615967045003,"
"""42 in. Round Iron Outdoor Fire Pit Table with Tank Cover, Lid, Wind Guard and Rain Cover in Dark Grey""",PH-Y42KD-DK-QT,1,Outdoors,Patio Furniture,Patio Tables,OUTDOOR SEASONAL,540,540,PATIOGUARDER,83,83,"742183576728,"
5-Burner Propane Gas Grill and Griddle Combo in Black with Cooking Grates and Plate,THD-E02GR029,1,Outdoors,Outdoor Cooking,Grills,OUTDOOR SEASONAL,519.99,519.99,PHI VILLA,115,115,"644191468289,"
5-Burner Propane Gas Grill and Griddle Combo in Black with Cooking Grates and Plate,THD-E02GR029,1,Outdoors,Outdoor Cooking,Grills,OUTDOOR SEASONAL,519.99,519.99,PHI VILLA,115,115,"644191468289,"
EliteCast 3-Piece Aluminum Patio Conversation Set with Beige Cushions,SF3-MM-D1-HD4,1,Outdoors,Patio Furniture,Outdoor Lounge Furniture,OUTDOOR SEASONAL,495.97,495.97,EGEIROSLIFE,200,200,"706409539607,"
Carolina Brown Wicker Outdoor Loveseat with CushionGuard Blue Cushions,SS038-1,1,Outdoors,Patio Furniture,Outdoor Lounge Furniture,OUTDOOR SEASONAL,482.52,482.52,Gymojoy,45,45,"795891114218,"
"""White Twin Size Wood Daybed with Trundle, 2-Drawer, Flip-Top Storage Box, Cabinet, Open Compartments, Charging Station""",QHS254AAK,1,Furniture,Bedroom Furniture,Daybeds,OUTDOOR SEASONAL,458.21,458.21,Harper & Bright Designs,181,181,"196986941366,"
11 ft. Aluminum Cantilever Solar LED Offset Patio Umbrella in Chili,URM822013-CHILI,1,Outdoors,Patio Furniture,Patio Umbrellas,OUTDOOR SEASONAL,449,449,Hampton Bay,70,70,"848681062517,"
11 ft. Aluminum Cantilever Solar LED Offset Patio Umbrella in Chili,URM822013-CHILI,1,Outdoors,Patio Furniture,Patio Umbrellas,OUTDOOR SEASONAL,449,449,Hampton Bay,70,70,"848681062517,"
6-Burner BBQ Liquid Propane Gas Grill with Sear and Side Burner,SG6002R,1,Outdoors,Outdoor Cooking,Grills,OUTDOOR SEASONAL,439.99,439.99,Royal Gourmet,93.5,93.5,"810001890759,"
6-Burner BBQ Liquid Propane Gas Grill with Sear and Side Burner,SG6002R,1,Outdoors,Outdoor Cooking,Grills,OUTDOOR SEASONAL,439.99,439.99,Royal Gourmet,93.5,93.5,"810001890759,"
FLIPZA 14 ft. Trampoline with Basketball Hoop and Enclosure Net,SRHWBC0204,1,Sports & Outdoors,Trampolines,Outdoor Trampolines,OUTDOOR SEASONAL,417,417,SUNRINX,163.14,163.14,"766108249757,"
FLIPZA 14 ft. Trampoline with Basketball Hoop and Enclosure Net,SRHWBC0204,1,Sports & Outdoors,Trampolines,Outdoor Trampolines,OUTDOOR SEASONAL,417,417,SUNRINX,163.14,163.14,"766108249757,"
"Gray Wood Frame Full Size Teddy Fleece Upholstered Daybed with LED Lights, Twin Size Trundle",NT054AAE-F,1,Furniture,Bedroom Furniture,Daybeds,OUTDOOR SEASONAL,400.4,400.4,Harper & Bright Designs,97.57,97.57,"196986921054,"
Daytona 4-Burner Propane Gas Grill 36 in. Flat Top Griddle in Black with Stainless Steel Lid,720-1058,1,Outdoors,Outdoor Cooking,Grills,OUTDOOR SEASONAL,399.85,399.85,Nexgrill,129.07,129.07,"044376296629,"
1012 sq. in. Competition Pro Offset Charcoal Grill or Wood Smoker in Black,8125,1,Outdoors,Outdoor Cooking,Grills,OUTDOOR SEASONAL,399,399,Char-Griller,140,140,"789792081250,"
"""6-Burner BBQ Liquid Propane Gas Grill with Sear and Side Burner with Cover, 71,000 BTU Cabinet Style Gas Grill""",SG6002RC,1,Outdoors,Outdoor Cooking,Grills,OUTDOOR SEASONAL,389.99,389.99,Royal Gourmet,106.7,106.7,"810001891343,"
Maharaja Walnut Brown Wood Hand-Carved Arm Chair,ISA-1108,1,Furniture,Living Room Furniture,Chairs,OUTDOOR SEASONAL,389.35,389.35,Home Decorators Collection,31.4,31.4,"811026030366,"
"Outdoor Metal Porch Swings with Adjustable PC Canopy, Cushions, Foldable Cup Holders and Pillows, Wine Red",YA2019RD,1,Outdoors,Patio Furniture,Patio Chairs,OUTDOOR SEASONAL,389.19,389.19,NOBLEMOOD,110.44,110.44,"037936376527,"
2-Piece Patio Swivel Wicker Outdoor Rocking Chairs with Royal Blue Cushion and Side Table Sets for Porch Deck (Set of 2),ODF528883301,1,Outdoors,Patio Furniture,Patio Chairs,OUTDOOR SEASONAL,385.38,385.38,Uixe,89,89,"784548557539,"
40 in. Digital Charcoal Smoker in Gray,MB20060321,1,Outdoors,Outdoor Cooking,Grills,OUTDOOR SEASONAL,382.31,382.31,Masterbuilt,97,97,"094428276635,"
10 ft. x 13 ft. Dark Grey Aluminum Outdoor Patio Pergola with Retractable Sun Shade Canopy Cover,PG0202-02-6,1,Storage & Organization,Outdoor Storage,Shade Structures,OUTDOOR SEASONAL,370,370,VEIKOUS,92.59,92.59,"774638487129,"
Denali Gray 4-Piece 4-Seat Wicker Modern Outdoor Patio Conversation Sofa Seating Set with Dark Gray Cushions,GNDS204,1,Outdoors,Patio Furniture,Outdoor Lounge Furniture,OUTDOOR SEASONAL,370,370,Toject,200,200,"709688729189,"
"5-Pieces Wicker Patio Furniture Set Outdoor Patio Chairs with Ottomans, Gray Cushions",BT-JDH5-WH3,1,Outdoors,Patio Furniture,Outdoor Lounge Furniture,OUTDOOR SEASONAL,360.49,360.49,PamaPic,200,200,"615967048691,"
68 in. Freestanding Fireplace TV Stand for TVs Up to 75 in. with 36 in. Electric Fireplace Insert in Black,MD-BBJ01061-68-,1,"Heating, Venting & Cooling",Fireplaces,Electric Fireplaces,OUTDOOR SEASONAL,358.68,358.68,IHOMEadore,136.3,136.3,"698596430112,"
3-Seat Brown Wicker Outdoor Couch Patio Sofa with Thick Beige Cushions,MA06-BGE-A1-2HD,1,Outdoors,Patio Furniture,Outdoor Lounge Furniture,OUTDOOR SEASONAL,339,339,JOYSIDE,59.62,59.62,"761873073415,"
6 ft. x 6 ft. x 7 ft. Aluminum Polycarbonate Portable Walk-In Garden Greenhouse with Rooftop Vent and UV-Resistant Walls,845-058,1,Outdoors,Garden Center,Greenhouses,OUTDOOR SEASONAL,325.21,325.21,Outsunny,63.88,63.88,"842525103770,"
5-Piece Brown Wicker Patio Conversation Set Outdoor Sectional Sofa Set with Coffee Table and Lake Blue Cushions,1010550912,1,Outdoors,Patio Furniture,Outdoor Lounge Furniture,OUTDOOR SEASONAL,317.99,317.99,UPHA,200,200,"794794188289,"
3-Piece Adjustable Aluminum Outdoor Chaise Lounge in Blue with Aluminum Table Set,PB-LG006BLU-3,1,Outdoors,Patio Furniture,Patio Chairs,OUTDOOR SEASONAL,316.95,316.95,Pellebant,33.3,33.3,"956918671231,"
"""26 ft. W x 6.6 ft. D Outdoor Storage Metal Shed, Chicken Coop with Waterproof &amp; Anti-Ultraviolet Cover (171.6 sq. ft. )""",HW-YQHDRA042,1,Storage & Organization,Outdoor Storage,Sheds,OUTDOOR SEASONAL,315.87,315.87,Tileon,97,97,"769047412961,"
24 in. x 24 in. x 6 in. 10-Piece Deep Seating Water & Fade Resistant Outdoor Lounge Chair Replacement Cushion Set in Red,T5-ZBDJH006-5,1,Outdoors,Patio Furniture,Outdoor Cushions,OUTDOOR SEASONAL,309.99,309.99,Opohoro,200,200,"753763961605,"
24 in. x 24 in. x 6 in. 10-Piece Deep Seating Water & Fade Resistant Outdoor Lounge Chair Replacement Cushion Set in Red,T5-ZBDJH006-5,1,Outdoors,Patio Furniture,Outdoor Cushions,OUTDOOR SEASONAL,309.99,309.99,Opohoro,200,200,"753763961605,"
Heavy-duty Outdoor Barrel Charcoal Grill in Black,THD-E02GR005,1,Outdoors,Outdoor Cooking,Grills,OUTDOOR SEASONAL,297.78,297.78,PHI VILLA,93.89,93.89,"670724005768,"
Stamford Grey 3-Piece Wood Outdoor Patio Bistro Set with Cross-Legged Table,53199,1,Outdoors,Patio Furniture,Patio Dining Furniture,OUTDOOR SEASONAL,294.48,294.48,Noble House,92.6,92.6,"840006772989,"
Augusta Beige King Upholstery Headboard,MP116-0354,1,Furniture,Bedroom Furniture,Headboards,OUTDOOR SEASONAL,291.1,291.1,Madison Park,37.44,37.44,"675716942243,"
Beige Linen Upholstered Single Sofa Accent Chair (Set of 2) with Solid Wood Frame and Soft Pillow for Living Room,TN-ACSF-BG-2,1,Furniture,Living Room Furniture,Chairs,OUTDOOR SEASONAL,286.18,286.18,WONDER COMFORT,56,56,"758344328099,"
Kanwyn Distressed White 3 Drawer Nightstand,B777-93,1,Furniture,Bedroom Furniture,Nightstands,OUTDOOR SEASONAL,269.99,269.99,Signature DESIGN BY ASHLEY,55,55,"024052513899,"
26 in. x 26 in. x 4 in. (14-Piece) Deep Seating Outdoor Lounge Chair Sectional Cushion Terra Red,1-4-liner-Terra,1,Outdoors,Patio Furniture,Outdoor Cushions,OUTDOOR SEASONAL,269,269,WNP,200,200,"755097796564,"
"40V Cordless Attachment Capable 15"" String Trimmer & 550 CFM 120 MPH Blower Combo Kit with 4.0 Ah Battery & Charger",RY40CK201K,1,Outdoors,Outdoor Power Equipment,Outdoor Power Combo Kits,OUTDOOR SEASONAL,249,249,RYOBI,200,200,"046396052704,"
Genesis Grill 300 Series Rust-Resistant Griddle Insert,6788,1,Outdoors,Outdoor Cooking,Grill Accessories,OUTDOOR SEASONAL,249,249,Weber,38.1,38.1,"077924193750,"
Genesis Grill 300 Series Rust-Resistant Griddle Insert,6788,1,Outdoors,Outdoor Cooking,Grill Accessories,OUTDOOR SEASONAL,249,249,Weber,38.1,38.1,"077924193750,"
"Garden Retractable Hose Reel-1/2 in. to 155 ft. Wall Mounted, Dark Grey",AW5012US,1,Outdoors,Garden Center,Watering & Irrigation,OUTDOOR SEASONAL,239.99,239.99,Giraffe Tools,25,25,"850058569093,"
17 in. W x 20 in. D Mid Back Universal Outdoor Cushion in Putty Beige (Set of 6),8867HD-7382B-C0,1,Outdoors,Patio Furniture,Outdoor Cushions,OUTDOOR SEASONAL,239.99,239.99,Hampton Bay,200,200,"192658418556,"
7.5 ft. Bronze Aluminum Market Patio Umbrella with Fiberglass Ribs and Auto Tilt in Hot Pink Sunbrella,V-LCW22-0090-BG,1,Outdoors,Patio Furniture,Patio Umbrellas,OUTDOOR SEASONAL,223.9,223.9,California Umbrella,13,13,"194061250563,"
800 lb. Capacity Appliance Hand Truck,HDA700,1,,,,OUTDOOR SEASONAL,221.76,221.76,,25,25,
20 ft. x 16 ft. 260 GSM Reinforced (Super Ring) Black Rectangle Sun Shade Sail,TAWR1620-2,1,Storage & Organization,Outdoor Storage,Shade Structures,OUTDOOR SEASONAL,203.07,203.07,COLOURTREE,10,10,"810049193546,"
(4-Piece) Black Wicker Outdoor Patio Conversation Set with Charcoal-Gray Cushions and Loveseat,ZJBRWT001,1,Outdoors,Patio Furniture,Outdoor Lounge Furniture,OUTDOOR SEASONAL,199.99,199.99,JUSKYS,25,25,"764155476393,"
"3-Burner BBQ Liquid Propane Gas Grill with Front Spice Rack, 2 Side Shelves and Hooks, Cart Style, Black, for Outdoor",GH3001H,1,Outdoors,Outdoor Cooking,Grills,OUTDOOR SEASONAL,199.99,199.99,Royal Gourmet,47.4,47.4,"810001892357,"
Black Ergonomic C-Spring Textilene Metal Patio Outdoor Dining Chair (2-Pack),THD-E02GF105,1,Outdoors,Patio Furniture,Patio Chairs,OUTDOOR SEASONAL,197.79,197.79,PHI VILLA,50.55,50.55,"670724019253,"
10 ft x 10 ft Grey Outdoor Patio Gazebo Canopy with Removable Mesh Curtains & Display Shelves,84C-028GY,1,Storage & Organization,Outdoor Storage,Shade Structures,OUTDOOR SEASONAL,190,190,Outsunny,69.16,69.16,"842525181297,"
Drew 52 in. Cherry Veneer Rectangle MDF Coffee Table,THY100CT,1,Furniture,Living Room Furniture,Coffee Tables,OUTDOOR SEASONAL,181.83,181.83,Picket House Furnishings,66,66,"848853077271,"
Metal Outdoor Patio Adjustable Chaise Lounge Chairs in Dark Gray (Set of 2),PB-LG031DGY-2,1,Outdoors,Patio Furniture,Patio Chairs,OUTDOOR SEASONAL,180.99,180.99,Pellebant,50.48,50.48,"689590894765,"
27 x 23 x 22 Deep Seating Indoor/Outdoor Pillow and Cushion Chair Set in Sunbrella Canvas Cloud,HD656031TESCP,1,Outdoors,Patio Furniture,Outdoor Cushions,OUTDOOR SEASONAL,179.5,179.5,SORRA HOME,25,25,"196999214686,"
"Lesa Modern Linen Upholstered Accent Arm Chair, Navy Blue",111873,1,Furniture,Living Room Furniture,Chairs,OUTDOOR SEASONAL,174.27,174.27,CHRISTOPHER KNIGHT HOME,27.55,27.55,"637162116081,"
GLENRIDGE FALLS RECTANGULAR STEEL OU,FRS80433DR-STT,1,,,,OUTDOOR SEASONAL,162.23,162.23,,25,25,
16.5 in. White Finish Rectangle Wood End Table,R6-156-243-HD,1,Furniture,Living Room Furniture,Accent Tables,OUTDOOR SEASONAL,159.63,159.63,HOME IMPORTS EMPORIUM,29,29,"022791020319,"
16.5 in. White Finish Rectangle Wood End Table,R6-156-243-HD,1,Furniture,Living Room Furniture,Accent Tables,OUTDOOR SEASONAL,159.63,159.63,HOME IMPORTS EMPORIUM,29,29,"022791020319,"
Modern Black Nightstand with 3 Storage Drawers and Led Lights,BL-FR14737,1,Furniture,Bedroom Furniture,Nightstands,OUTDOOR SEASONAL,159.28,159.28,Boyel Living,39.68,39.68,"717365476189,"
11 ft. x 11 ft. Black Steel Pop-up Gazebo with Mosquito Netting,J06-BLACK-LK2,1,Storage & Organization,Outdoor Storage,Shade Structures,OUTDOOR SEASONAL,159,159,JOYSIDE,42.33,42.33,"761873075020,"
14 in. W x 20.3 in. H x 23 in. D Outdoor Kitchen Drawers Flush Mount Triple Drawers Stainless Steel Access Drawer,20.25X14YC3CBXG,1,Outdoors,Outdoor Cooking,Outdoor Kitchens,OUTDOOR SEASONAL,157.99,157.99,VEVOR,39.46,39.46,"754194521963,"
"White 6-Drawers 31.5 in. W Wood Chest of Drawer Dresser, 47.4 in. H x 15.7 D",KF020273-01-cc,1,Furniture,Bedroom Furniture,Chest Of Drawers,OUTDOOR SEASONAL,156.77,156.77,FUFU&GAGA,90,90,"765899863173,"
25.6 in. White Faux Fur Upholstered Bench with Acrylic X-Leg,2001300001,1,Furniture,Bedroom Furniture,Bedroom Benches,OUTDOOR SEASONAL,155.51,155.51,Glitzhome,17.05,17.05,"6941327111328,"
Brown Wicker Outdoor Rocking Chair with Blue Cushion (1-Pack),MS-SSBR30-1A,1,Outdoors,Patio Furniture,Patio Chairs,OUTDOOR SEASONAL,154.99,154.99,moosprr,24.7,24.7,"762139700052,"
Mason Orange Adirondack HDPE Plastic Outdoor Rocking Chair,OP5003-OR,1,Outdoors,Patio Furniture,Patio Chairs,OUTDOOR SEASONAL,141.58,141.58,WESTIN OUTDOOR,45.5,45.5,"612789893119,"
Mason Orange Adirondack HDPE Plastic Outdoor Rocking Chair,OP5003-OR,1,Outdoors,Patio Furniture,Patio Chairs,OUTDOOR SEASONAL,141.58,141.58,WESTIN OUTDOOR,45.5,45.5,"612789893119,"
Roanhowe 24.13 in. Brown Rectangle Wood End Table with Shelf and Drawer,T769-3,1,Furniture,Living Room Furniture,Accent Tables,OUTDOOR SEASONAL,140.07,140.07,Signature DESIGN BY ASHLEY,49,49,"024052870428,"
Roanhowe 24.13 in. Brown Rectangle Wood End Table with Shelf and Drawer,T769-3,1,Furniture,Living Room Furniture,Accent Tables,OUTDOOR SEASONAL,140.07,140.07,Signature DESIGN BY ASHLEY,49,49,"024052870428,"
"""Outdoor Kitchen Drawers 30 in. W x 10 in. H x 20 in. D, Horizontal Double BBQ Access Drawers Stainless Steel with Handle""",CTG30X10X200000,1,Outdoors,Outdoor Cooking,Outdoor Kitchens,OUTDOOR SEASONAL,135.99,135.99,SKYSHALO,31,31,"197988101277,"
"White Lightweight 3-Piece Expandable ABS Hardshell Spinner 8 Wheels  20""  24""  28"" Luggage Set with TSA Lock, Bumpers",LJYXB006AAK,1,Home Decor,Luggage,Luggage Sets,OUTDOOR SEASONAL,134.99,134.99,Merax,23.7,23.7,"197793944632,"
Metal Outdoor Bar Stool in Gray (2-Pack),CL-ST006GRB,1,Outdoors,Patio Furniture,Outdoor Bar Furniture,OUTDOOR SEASONAL,129.99,129.99,Crestlive Products,26.98,26.98,"744600541876,"
Mixed Brown Outdoor Plastic Rattan Wicker Outdoor Chaise Lounge Chair with Height Adjustable Backrest and White Cushion,862-005BN,1,Outdoors,Patio Furniture,Patio Chairs,OUTDOOR SEASONAL,129.99,129.99,Outsunny,350,350,"842525117777,"
Mixed Brown Outdoor Plastic Rattan Wicker Outdoor Chaise Lounge Chair with Height Adjustable Backrest and White Cushion,862-005BN,1,Outdoors,Patio Furniture,Patio Chairs,OUTDOOR SEASONAL,129.99,129.99,Outsunny,350,350,"842525117777,"
ONE+ 18V 9 in. Cordless Battery Edger with 2.0 Ah Battery and Charger,P2310,1,Outdoors,Outdoor Power Equipment,Trimmers & Edgers,OUTDOOR SEASONAL,129,129,RYOBI,25,25,"046396014948,"
Captiva Charcoal Gray Stationary Cast Aluminum Outdoor Dining Arm Chair (Set of 2),6700-81,1,Outdoors,Patio Furniture,Patio Chairs,OUTDOOR SEASONAL,125.99,125.99,HOMESTYLES,20,20,"095385890483,"
Captiva Charcoal Gray Stationary Cast Aluminum Outdoor Dining Arm Chair (Set of 2),6700-81,1,Outdoors,Patio Furniture,Patio Chairs,OUTDOOR SEASONAL,125.99,125.99,HOMESTYLES,20,20,"095385890483,"
Captiva Charcoal Gray Stationary Cast Aluminum Outdoor Dining Arm Chair (Set of 2),6700-81,1,Outdoors,Patio Furniture,Patio Chairs,OUTDOOR SEASONAL,125.99,125.99,HOMESTYLES,20,20,"095385890483,"
Carolina 24 in. x 24 in. x 6 in. Olefin 4-Piece Deep Seating Outdoor Lounge Chair Sofa Cushion in Orange,GM-ZBDJH006-6AA,1,Outdoors,Patio Furniture,Outdoor Cushions,OUTDOOR SEASONAL,125.98,125.98,Gymojoy,25,25,"753763951125,"
Carolina 24 in. x 24 in. x 6 in. Olefin 4-Piece Deep Seating Outdoor Lounge Chair Sofa Cushion in Orange,GM-ZBDJH006-6AA,1,Outdoors,Patio Furniture,Outdoor Cushions,OUTDOOR SEASONAL,125.98,125.98,Gymojoy,25,25,"753763951125,"
Carolina 24 in. x 24 in. x 6 in. Olefin 4-Piece Deep Seating Outdoor Lounge Chair Sofa Cushion in Gray,GM-ZBDJH006-3AA,1,Outdoors,Patio Furniture,Outdoor Cushions,OUTDOOR SEASONAL,124.78,124.78,Gymojoy,25,25,"753763951095,"
Carolina 24 in. x 24 in. x 6 in. Olefin 4-Piece Deep Seating Outdoor Lounge Chair Sofa Cushion in Gray,GM-ZBDJH006-3AA,1,Outdoors,Patio Furniture,Outdoor Cushions,OUTDOOR SEASONAL,124.78,124.78,Gymojoy,25,25,"753763951095,"
2-Person Wooden White Porch Swing with Hanging Chains and Upgraded Cupholders,WZX-1254-W,1,Outdoors,Patio Furniture,Patio Chairs,OUTDOOR SEASONAL,124.37,124.37,Unbranded,32.6,32.6,"747534523000,"
22 in. x 72 in. Sunset Stripe Outdoor Chaise Lounge Cushion,OC4804-SUNSET,1,Outdoors,Patio Furniture,Outdoor Cushions,OUTDOOR SEASONAL,119.57,119.57,Greendale Home Fashions,10,10,"098198233010,"
22 in. x 72 in. Sunset Stripe Outdoor Chaise Lounge Cushion,OC4804-SUNSET,1,Outdoors,Patio Furniture,Outdoor Cushions,OUTDOOR SEASONAL,119.57,119.57,Greendale Home Fashions,10,10,"098198233010,"
22 in. x 72 in. Sunset Stripe Outdoor Chaise Lounge Cushion,OC4804-SUNSET,1,Outdoors,Patio Furniture,Outdoor Cushions,OUTDOOR SEASONAL,119.57,119.57,Greendale Home Fashions,10,10,"098198233010,"
"Walk-in Tunnel Greenhouse, 14. 6x6. 4x6. 3 ft. Hoop House Greenhouse Tunnel, with Galvanized Steel Frame, Green PE Cover",SDXWS15X7X7FO6T,1,Outdoors,Garden Center,Greenhouses,OUTDOOR SEASONAL,119.34,119.34,VEVOR,40.79,40.79,"197988415244,"
ONE+ 18V Cordless String Trimmer/Edger and Blower/Sweeper Combo Kit (2-Tools) with 2.0 Ah Battery and Charger,PCLCK201K,1,Outdoors,Outdoor Power Equipment,Outdoor Power Combo Kits,OUTDOOR SEASONAL,119,119,RYOBI,25,25,"046396052674,"
Portland 6-Drawer Double Dresser in Black 26.89 in. H x 56.34 in. W x 12.46 in. D,703288686,1,Furniture,Bedroom Furniture,Dressers,OUTDOOR SEASONAL,115.84,115.84,Tvilum,78.48,78.48,"843029108698,"
Infinity 5-Piece Plastic Resin Outdoor Dinning Set in Taupe,SET-MQ450,1,Outdoors,Patio Furniture,Patio Dining Furniture,OUTDOOR SEASONAL,113.4,113.4,MQ,94.4,94.4,"7707294450032,"
Infinity 5-Piece Plastic Resin Outdoor Dinning Set in Taupe,SET-MQ450,1,Outdoors,Patio Furniture,Patio Dining Furniture,OUTDOOR SEASONAL,113.4,113.4,MQ,94.4,94.4,"7707294450032,"
4 ft. Short Diamond Weave Fiber Folding Screen - White - 4 Panel,FB-4OPDM-WHT-4P,1,Home Decor,Room Dividers,,OUTDOOR SEASONAL,113.31,113.31,Oriental Furniture,9,9,"849527060940,"
Designs4Comfort Magnolia Espresso Faux Leather Storage Ottoman with Reversible Trays,143042ES,1,Furniture,Living Room Furniture,Ottomans,OUTDOOR SEASONAL,109.99,109.99,Convenience Concepts,21,21,"095285425297,"
10 ft. x 10 ft. White Slant Leg Pop-Up Canopy,7.40192E+11,1,Storage & Organization,Outdoor Storage,Shade Structures,OUTDOOR SEASONAL,108.82,108.82,Karl home,21.38,21.38,"740192201457,"
Emily White Queen Upholstered Vinyl Headboard,MOD-5171-WHI,1,Furniture,Bedroom Furniture,Headboards,OUTDOOR SEASONAL,105.95,105.95,MODWAY,18,18,"848387019969,"
30 ft. x 10 ft. Blue Outdoor Party Tent with 8 Sidewalls,3.90066E+11,1,Storage & Organization,Outdoor Storage,Shade Structures,OUTDOOR SEASONAL,105.1,105.1,Karl home,41.89,41.89,"390066258409,"
Single Arm Navigator Rotating Garden Hose Reel with Storage Basket,LBG-712,1,Outdoors,Garden Center,Watering & Irrigation,OUTDOOR SEASONAL,104.99,104.99,LIBERTY GARDEN,25,25,"764736007121,"
300/500 lb. Capacity Convertible Hand Truck,30152,1,Building Materials,Material Handling Equipment,Platform Trucks & Dollies,OUTDOOR SEASONAL,101.54,101.54,Milwaukee,25,25,"646072301524,"
"1000 Series Grill Cover Blanket for Heat Retention, Pellet Savings, Snow and Rain Protection, IBF1000S",ACC-IBF1000S,1,Outdoors,Outdoor Cooking,Grill Accessories,OUTDOOR SEASONAL,99.99,99.99,Z GRILLS,10,10,"810070423148,"
"70 in. 360-Degree Garden Kids Playground Seesaw, Outdoor Playground Equipment for Family Friends",RH23LM13,1,Playground Sets,Seesaws,,OUTDOOR SEASONAL,99.99,99.99,Angel Sar,10,10,"791684826634,"
10 ft. Steel Market Crank Open Patio Umbrella in Lime Green,PPU-240-U,1,Outdoors,Patio Furniture,Patio Umbrellas,OUTDOOR SEASONAL,99.44,99.44,CorLiving,11,11,"776069993460,"
9 ft. x 7 ft. Rectangular Solar Lighted Market Patio Umbrella in Teal,841025T,1,Outdoors,Patio Furniture,Patio Umbrellas,OUTDOOR SEASONAL,97.97,97.97,Sun-Ray,14,14,"810060714690,"
Rhode Island Porch Rocker Oak Wood Outdoor Rocking Chair,4333OA,1,Outdoors,Patio Furniture,Patio Chairs,OUTDOOR SEASONAL,97,97,Shine Company,21,21,"725786433322,"
Rhode Island Porch Rocker Oak Wood Outdoor Rocking Chair,4333OA,1,Outdoors,Patio Furniture,Patio Chairs,OUTDOOR SEASONAL,97,97,Shine Company,21,21,"725786433322,"
Zero Gravity Metal Textilene Fabric Outdoor Recliner,4.02515E+11,1,Outdoors,Patio Furniture,Outdoor Lounge Furniture,OUTDOOR SEASONAL,96.29,96.29,Karl home,33.8,33.8,"402514945523,"
Easy Grow 44.9 in. W x 29.8 in. H Brown Raised Garden Bed,212157,1,Outdoors,Garden Center,Raised Garden Beds,OUTDOOR SEASONAL,94.97,94.97,Keter,18.5,18.5,"731161034206,"
Easy Grow 44.9 in. W x 29.8 in. H Brown Raised Garden Bed,212157,1,Outdoors,Garden Center,Raised Garden Beds,OUTDOOR SEASONAL,94.97,94.97,Keter,18.5,18.5,"731161034206,"
Outdoor Chair Cushions 2-Piece 23x25+20x23In.Deep Seat and Clasped Cushion Set for Patio Furniture in Beige,ODF528884209,1,Outdoors,Patio Furniture,Outdoor Cushions,OUTDOOR SEASONAL,90.09,90.09,Uixe,10,10,"784548558130,"
"Electric BBQ Rotisserie Grill Kit, 46 In. 90 lbs. Capacity, Automatic 42 Watt Height Adjustable Universal Stand, Kit",DDXZKJ46INCHG2D,1,Outdoors,Outdoor Cooking,Grill Accessories,OUTDOOR SEASONAL,89.99,89.99,VEVOR,20.94,20.94,"197988412762,"
8 ft. Firewood Log Rack Cover,52-069-030401-0,1,Outdoors,Outdoor Heating,Firewood Racks,OUTDOOR SEASONAL,89.99,89.99,Classic Accessories,10,10,"052963009668,"
2-pack 80 in. Outdoor Lounge Chair Lounge Polyester Chair Cushions in Light Gray,PB-CU001LGY80-2,1,Outdoors,Patio Furniture,Outdoor Cushions,OUTDOOR SEASONAL,88.97,88.97,Pellebant,10,10,"783434645497,"
2-pack 80 in. Outdoor Lounge Chair Lounge Polyester Chair Cushions in Light Gray,PB-CU001LGY80-2,1,Outdoors,Patio Furniture,Outdoor Cushions,OUTDOOR SEASONAL,88.97,88.97,Pellebant,10,10,"783434645497,"
"Full White Glossy Finished 2-Drawers 19.6 in. W, Exquisite Nightstand, End Table with Smooth Lines and Surface Design",LBB-KF200207-01,1,Furniture,Bedroom Furniture,Nightstands,OUTDOOR SEASONAL,88.96,88.96,FUFU&GAGA,45.5,45.5,"749674104477,"
"7.2 ft. Black Outdoor Metal Rustproof Garden Trellis, (2-Pack)",W1586Pyx&L1,1,Outdoors,Garden Center,Outdoor Decor,OUTDOOR SEASONAL,87.59,87.59,Tunearary,10,10,"790943205531,"
"7.2 ft. Black Outdoor Metal Rustproof Garden Trellis, (2-Pack)",W1586Pyx&L1,1,Outdoors,Garden Center,Outdoor Decor,OUTDOOR SEASONAL,87.59,87.59,Tunearary,10,10,"790943205531,"
NATURAL WOOD OUTDOOR ROCKING CHAIR,4.10869E+11,1,Outdoors,Patio Furniture,Patio Chairs,OUTDOOR SEASONAL,87,87,Karl home,18.3,18.3,"410869226969,"
Halina 25 in. Natural Backless Wood Counter Non-Upholstered Stool with Hyacinth Seat,THD05041,1,Furniture,Bar Furniture,Bar Stools,OUTDOOR SEASONAL,85.83,85.83,Linon Home Decor,11.03,11.03,"0753793066998,"
Halina 25 in. Natural Backless Wood Counter Non-Upholstered Stool with Hyacinth Seat,THD05041,1,Furniture,Bar Furniture,Bar Stools,OUTDOOR SEASONAL,85.83,85.83,Linon Home Decor,11.03,11.03,"0753793066998,"
Halina 25 in. Natural Backless Wood Counter Non-Upholstered Stool with Hyacinth Seat,THD05041,1,Furniture,Bar Furniture,Bar Stools,OUTDOOR SEASONAL,85.83,85.83,Linon Home Decor,11.03,11.03,"0753793066998,"
Sunbrella Relate Harbor Square Indoor/Outdoor Corded Throw Pillow (2-Pack),HD927131SP,1,Outdoors,Patio Furniture,Outdoor Pillows,OUTDOOR SEASONAL,84.52,84.52,SORRA HOME,10,10,"196999223565,"
Sunbrella Relate Harbor Square Indoor/Outdoor Corded Throw Pillow (2-Pack),HD927131SP,1,Outdoors,Patio Furniture,Outdoor Pillows,OUTDOOR SEASONAL,84.52,84.52,SORRA HOME,10,10,"196999223565,"
Sunbrella Relate Harbor Square Indoor/Outdoor Corded Throw Pillow (2-Pack),HD927131SP,1,Outdoors,Patio Furniture,Outdoor Pillows,OUTDOOR SEASONAL,84.52,84.52,SORRA HOME,10,10,"196999223565,"
Brown 3-Piece Wicker Outdoor Dining Set with Washed Brown Cushion,HDCDDB03-BRBR,1,Outdoors,Patio Furniture,Patio Dining Furniture,OUTDOOR SEASONAL,83.36,83.36,MIRAFIT,33,33,"744173045023,"
Brown 3-Piece Wicker Outdoor Dining Set with Washed Brown Cushion,HDCDDB03-BRBR,1,Outdoors,Patio Furniture,Patio Dining Furniture,OUTDOOR SEASONAL,83.36,83.36,MIRAFIT,33,33,"744173045023,"
49 IN. IRON FRAME WOOD OUTDOOR BENCH,4.43987E+11,1,Outdoors,Patio Furniture,Patio Chairs,OUTDOOR SEASONAL,82.43,82.43,Karl home,26.78,26.78,"443987255856,"
49 IN. IRON FRAME WOOD OUTDOOR BENCH,4.43987E+11,1,Outdoors,Patio Furniture,Patio Chairs,OUTDOOR SEASONAL,82.43,82.43,Karl home,26.78,26.78,"443987255856,"
Hose Reel Cart Hold Up to 250 ft. of 5/8 in. Hose Garden Water Hose Carts Mobile Tools with 4 Wheels Heavy Planting,SGJPC4GG250F34J,1,Outdoors,Garden Center,Watering & Irrigation,OUTDOOR SEASONAL,79.67,79.67,SKYSHALO,10,10,"687117289193,"
50 Gal. Rain Barrel Black Colour with Plastic Spigot,551000300A8081,1,Outdoors,Garden Center,Watering & Irrigation,OUTDOOR SEASONAL,79,79,RTS Home Accents,10,10,"627606000182,"
50 Gal. Rain Barrel Black Colour with Plastic Spigot,551000300A8081,1,Outdoors,Garden Center,Watering & Irrigation,OUTDOOR SEASONAL,79,79,RTS Home Accents,10,10,"627606000182,"
50 Gal. Rain Barrel Black Colour with Plastic Spigot,551000300A8081,1,Outdoors,Garden Center,Watering & Irrigation,OUTDOOR SEASONAL,79,79,RTS Home Accents,10,10,"627606000182,"
50 Gal. Rain Barrel Black Colour with Plastic Spigot,551000300A8081,1,Outdoors,Garden Center,Watering & Irrigation,OUTDOOR SEASONAL,79,79,RTS Home Accents,10,10,"627606000182,"
50 Gal. Rain Barrel Black Colour with Plastic Spigot,551000300A8081,1,Outdoors,Garden Center,Watering & Irrigation,OUTDOOR SEASONAL,79,79,RTS Home Accents,10,10,"627606000182,"
2-Piece Dark Blue Zero Gravity Black Metal Lawn Chair Set Adjustable Folding Beach Chair with Pillows and Cup Holders,T-LCZG92C3,1,Outdoors,Patio Furniture,Patio Chairs,OUTDOOR SEASONAL,78,78,Tozey,33.68,33.68,"739106438164,"
"Gravity 800 Digital Charcoal Griddle, Grill and Smoker Combo Cover in Black",MB20080221,1,Outdoors,Outdoor Cooking,Grill Accessories,OUTDOOR SEASONAL,77.74,77.74,Masterbuilt,10,10,"094428276857,"
Sparta Weave Wall-Mount Twin Faux Leather Headboard in Walnut Black,MOD-7120-WAL-BL,1,Furniture,Bedroom Furniture,Headboards,OUTDOOR SEASONAL,77.5,77.5,Modway,9,9,"889654284932,"
Sparta Weave Wall-Mount Twin Faux Leather Headboard in Walnut Black,MOD-7120-WAL-BL,1,Furniture,Bedroom Furniture,Headboards,OUTDOOR SEASONAL,77.5,77.5,Modway,9,9,"889654284932,"
20 in. x 20 in. High Back Outdoor Dining Chair Cushion in Red Leaf Palm (2-Pack),ZP05173B-D9Z2,1,Outdoors,Patio Furniture,Outdoor Cushions,OUTDOOR SEASONAL,76.58,76.58,ARDEN,10,10,"070145115952,"
20 in. x 20 in. High Back Outdoor Dining Chair Cushion in Red Leaf Palm (2-Pack),ZP05173B-D9Z2,1,Outdoors,Patio Furniture,Outdoor Cushions,OUTDOOR SEASONAL,76.58,76.58,ARDEN,10,10,"070145115952,"
26 in. Universal Griddle Cover,20230502102,1,Outdoors,Outdoor Cooking,Grill Accessories,OUTDOOR SEASONAL,73.87,73.87,LOCO,10,10,"810088350948,"
10 ft. x 20 ft. White Party Wedding Tent Canopy,2.60778E+11,1,Storage & Organization,Outdoor Storage,Shade Structures,OUTDOOR SEASONAL,72.06,72.06,Karl home,23.15,23.15,"260777791116,"
Solid Teal Outdoor High Back Dining Chair Cushion,OC4809-TEAL,1,Outdoors,Patio Furniture,Outdoor Cushions,OUTDOOR SEASONAL,69.46,69.46,Greendale Home Fashions,10,10,"098198672741,"
7.8 in. Dia Black Round Hanging Railing Planters Wrought Steel Flower Pot Holder Plant Stand Basket (4-Pack),YD240323,1,Outdoors,Garden Center,Planters,OUTDOOR SEASONAL,69.34,69.34,ATENGNES,2.87,2.87,"782003272423,"
"47 in. W x 22 in. D x 30 in. H Wood Raised Garden Bed with Liner, Natural",PG0102-01NW,1,Outdoors,Garden Center,Raised Garden Beds,OUTDOOR SEASONAL,66.15,66.15,VEIKOUS,29.01,29.01,"717012385321,"
"Discharge Hose 3 in. Dia x 105 ft. PVC Fabric Lay Flat Hose with Clamps Heavy-Duty Backwash Drain Hose Burst-Proof, Blue",YCFC3X100PVC284,1,Outdoors,Pool Supplies,Pool Cleaning Supplies,OUTDOOR SEASONAL,65.25,65.25,VEVOR,28.2,28.2,"840281501748,"
Carolina 24 in. x 24 in. x 6 in. Olefin 2-Piece Deep Seating Outdoor Lounge Chair Sofa Cushion in Gray,GM-ZBDJH006-3,1,Outdoors,Patio Furniture,Outdoor Cushions,OUTDOOR SEASONAL,64.99,64.99,Gymojoy,10,10,"753763950999,"
"13 Gal. Matte White Stainless Steel Kitchen Trashcan, Step-on, D Shape",QZ10064,1,Cleaning,Trash & Recycling,Trash Cans,OUTDOOR SEASONAL,64.97,64.97,Qualiazero,10,10,"810055170821,"
Floral 17.5 x 17 Outdoor Dining Chair Cushion in Blue/White (Set of 2),691435,1,Outdoors,Patio Furniture,Outdoor Cushions,OUTDOOR SEASONAL,63.04,63.04,Pillow Perfect,10,10,"751379691435,"
Franklin Pacific Blue 29 in. Poly HDPE Fade Resistant Outdoor Patio Saddle Seat Pub Height Bar Stool,OP7002-29-PB,1,Outdoors,Patio Furniture,Outdoor Bar Furniture,OUTDOOR SEASONAL,62.45,62.45,WESTIN OUTDOOR,15.6,15.6,"631851056559,"
Kids Wooden Play Tool Workbench Workshop Table Pretend Play with Tools Set,GYM12676,1,Sports & Outdoors,Kids Toys,,OUTDOOR SEASONAL,61.67,61.67,Gymax,12.5,12.5,"6554660689678,"
MHT FOLDING 150 LB HAND TRUCK,33884,1,,,,OUTDOOR SEASONAL,58.13,58.13,,10,10,
5.6 ft. Tall 4-Panel Folding Room Divider Privacy Screen in Nature Wood,830-814V00ND,1,Home Decor,Room Dividers,,OUTDOOR SEASONAL,56.98,56.98,HOMCOM,11.44,11.44,"673986264232,"
Barrel Gray Storage Resin Low Table Ottoman,ML-5004,1,Furniture,Living Room Furniture,Ottomans,OUTDOOR SEASONAL,56.83,56.83,HOUSEHOLD ESSENTIALS,6.5,6.5,"040071160197,"
Barrel Gray Storage Resin Low Table Ottoman,ML-5004,1,Furniture,Living Room Furniture,Ottomans,OUTDOOR SEASONAL,56.83,56.83,HOUSEHOLD ESSENTIALS,6.5,6.5,"040071160197,"
"""13 Gal. Stainless Steel Kitchen Trashcan, Step-on, Rectangle""",QZ10002,1,Cleaning,Trash & Recycling,Trash Cans,OUTDOOR SEASONAL,56,56,Qualiazero,10,10,"810055170012,"
10 ft. x 10 ft. Black Outdoor Party Tent with 4 Sidewalls,6.37756E+11,1,Storage & Organization,Outdoor Storage,Shade Structures,OUTDOOR SEASONAL,55.52,55.52,Karl home,18.74,18.74,"637756220927,"
Portable 2 Pack Mint Green Steel Folding Adjustable Headrest Beach Chair,9.29728E+11,1,Outdoors,Patio Furniture,Patio Chairs,OUTDOOR SEASONAL,55,55,Winado,17.64,17.64,"929727832100,"
Portable 2 Pack Mint Green Steel Folding Adjustable Headrest Beach Chair,9.29728E+11,1,Outdoors,Patio Furniture,Patio Chairs,OUTDOOR SEASONAL,55,55,Winado,17.64,17.64,"929727832100,"
22 in. x 24 in. 2-Piece Deep Seating Outdoor Lounge Chair Cushion in Sapphire Blue Leala,TG0D824B-D9Z1,1,Outdoors,Patio Furniture,Outdoor Cushions,OUTDOOR SEASONAL,54.99,54.99,ARDEN,10,10,"070145083039,"
Deluxe 15.5 in. L x 36 in. W x 34 in. H Resin White Garden Planter with Shelf,258478,1,Outdoors,Garden Center,Raised Garden Beds,OUTDOOR SEASONAL,54.97,54.97,Adams,13.57,13.57,"037063600526,"
74 in. L x 22 in. W x 5 in. T Outdoor Chaise Lounge Cushion in Posh Saucy,856PK1-5547A,1,Outdoors,Patio Furniture,Outdoor Cushions,OUTDOOR SEASONAL,54.87,54.87,Jordan Manufacturing,10,10,"192658401916,"
74 in. L x 22 in. W x 5 in. T Outdoor Chaise Lounge Cushion in Posh Saucy,856PK1-5547A,1,Outdoors,Patio Furniture,Outdoor Cushions,OUTDOOR SEASONAL,54.87,54.87,Jordan Manufacturing,10,10,"192658401916,"
22 in. x 24 in. 2-Piece Deep Seating Outdoor Lounge Chair Cushion in Tan Leala,TH1A824B-D9Z1,1,Outdoors,Patio Furniture,Outdoor Cushions,OUTDOOR SEASONAL,54.73,54.73,ARDEN,10,10,"070145083053,"
74 in. x 22 in. Alberta Salsa Red Floral Rectangular Knife Edge Outdoor Chaise Lounge Cushion with Ties and Hanger Loop,856PK1-1673D,1,Outdoors,Patio Furniture,Outdoor Cushions,OUTDOOR SEASONAL,54.24,54.24,Jordan Manufacturing,10,10,"018232617736,"
"Basketball Ball Rolling Storage Cart Rack, Holds 12 Standard Size Balls",THD-AH-FP-72F,1,Sports & Outdoors,Outdoor Sports,Basketball Equipment,OUTDOOR SEASONAL,52.47,52.47,Trademark Innovations,9,9,"811180033197,"
"Basketball Ball Rolling Storage Cart Rack, Holds 12 Standard Size Balls",THD-AH-FP-72F,1,Sports & Outdoors,Outdoor Sports,Basketball Equipment,OUTDOOR SEASONAL,52.47,52.47,Trademark Innovations,9,9,"811180033197,"
Paisley 19 in. x 19 in. 2-Piece Outdoor Dining Chair Cushion Blue/Yellow Gilford,611792,1,Outdoors,Patio Furniture,Outdoor Cushions,OUTDOOR SEASONAL,52.43,52.43,Pillow Perfect,10,10,"751379611792,"
Montlake FadeSafe Heather Indigo 48 in. x 18 in. Outdoor Bench Cushion,62-015-INDIGO-E,1,Outdoors,Patio Furniture,Outdoor Cushions,OUTDOOR SEASONAL,51.38,51.38,Classic Accessories,10,10,"052963035520,"
Palm Leaves White Square Tufted Outdoor Seat Cushion,OC4800-PALM-WHI,1,Outdoors,Patio Furniture,Outdoor Cushions,OUTDOOR SEASONAL,49.22,49.22,Greendale Home Fashions,10,10,"098198750548,"
Palm Leaves White Square Tufted Outdoor Seat Cushion,OC4800-PALM-WHI,1,Outdoors,Patio Furniture,Outdoor Cushions,OUTDOOR SEASONAL,49.22,49.22,Greendale Home Fashions,10,10,"098198750548,"
Patio Black Wood Outdoor Rocking Chair,ROCKER-02,1,Outdoors,Patio Furniture,Patio Chairs,OUTDOOR SEASONAL,49,49,Hampton Bay,26.46,26.46,"8938537969106,"
"3-Position Metal Adjustable Backrest Outdoor Chaise Chair Lounger, Beige with Light Frame Great for Pool or Sun Bathing",84B-442CW,1,Outdoors,Patio Furniture,Patio Chairs,OUTDOOR SEASONAL,48.78,48.78,Outsunny,10.13,10.13,"842525146401,"
"3-Position Metal Adjustable Backrest Outdoor Chaise Chair Lounger, Beige with Light Frame Great for Pool or Sun Bathing",84B-442CW,1,Outdoors,Patio Furniture,Patio Chairs,OUTDOOR SEASONAL,48.78,48.78,Outsunny,10.13,10.13,"842525146401,"
WEBER LARGE SS FISH BASKET,6471,1,,,,OUTDOOR SEASONAL,44.94,44.94,,10,10,
White and Green Stripe Aluminum Folding Backpack Beach Chair,K1G58000552,1,Outdoors,Patio Furniture,Patio Chairs,OUTDOOR SEASONAL,44.93,44.93,Karl home,7.49,7.49,"301531012082,"
3.5 ft. Canvas A-Frame Teepee Playset Playhouse With Carry Case,TEEPEE-AFRAME,1,Playground Sets,Freestanding Play,,OUTDOOR SEASONAL,44.58,44.58,Trademark Innovations,10,10,"638888639069,"
Top-Notch Tension Ratchet Winch Triangle Sun Shade Sail Canopy Cable Wire Installation Kit,TAWAL-T,1,Storage & Organization,Outdoor Storage,Shade Structures,OUTDOOR SEASONAL,42.61,42.61,COLOURTREE,1.6,1.6,"810049194789,"
Shoreside White Square HDPE Plastic 18 in. Modern Outdoor Side Table,OP8001-WH,1,Outdoors,Patio Furniture,Patio Tables,OUTDOOR SEASONAL,41,41,WESTIN OUTDOOR,15.8,15.8,"631851060419,"
21 in. x 21 in. Lake Blue Leala Outdoor Dining Chair Cushion,ZM0E825B-D9Z1,1,Outdoors,Patio Furniture,Outdoor Cushions,OUTDOOR SEASONAL,40.49,40.49,ARDEN,10,10,"070145084746,"
21 in. x 22 in. Deep Seating Outdoor Lounge Chair Cushion in Beige,PB-CU009BEI-1BC,1,Outdoors,Patio Furniture,Outdoor Cushions,OUTDOOR SEASONAL,40.47,40.47,Pellebant,10,10,"658156154728,"
21 in. x 22 in. Deep Seating Outdoor Lounge Chair Cushion in Beige,PB-CU009BEI-1BC,1,Outdoors,Patio Furniture,Outdoor Cushions,OUTDOOR SEASONAL,40.47,40.47,Pellebant,10,10,"658156154728,"
21 in. x 22 in. Deep Seating Outdoor Lounge Chair Cushion in Beige,PB-CU009BEI-1BC,1,Outdoors,Patio Furniture,Outdoor Cushions,OUTDOOR SEASONAL,40.47,40.47,Pellebant,10,10,"658156154728,"
21 in. x 22 in. Deep Seating Outdoor Lounge Chair Cushion in Beige,PB-CU009BEI-1BC,1,Outdoors,Patio Furniture,Outdoor Cushions,OUTDOOR SEASONAL,40.47,40.47,Pellebant,10,10,"658156154728,"
21 in. x 22 in. Deep Seating Outdoor Lounge Chair Cushion in Beige,PB-CU009BEI-1BC,1,Outdoors,Patio Furniture,Outdoor Cushions,OUTDOOR SEASONAL,40.47,40.47,Pellebant,10,10,"658156154728,"
Garden Hose Stand Steel Hose Storage Freestanding Garden Hose Holder with Layer of Storage,GHC-001,1,Outdoors,Garden Center,Watering & Irrigation,OUTDOOR SEASONAL,39.99,39.99,WaLensee,10,10,"739608567508,"
Garden Hose Stand Steel Hose Storage Freestanding Garden Hose Holder with Layer of Storage,GHC-001,1,Outdoors,Garden Center,Watering & Irrigation,OUTDOOR SEASONAL,39.99,39.99,WaLensee,10,10,"739608567508,"
4 ft. x 2 ft. x 1 ft. Green Steel Raised Garden Bed Box,845-039V01GN,1,Outdoors,Garden Center,Raised Garden Beds,OUTDOOR SEASONAL,38.21,38.21,Outsunny,8.8,8.8,"196393069684,"
4 ft. x 2 ft. x 1 ft. Green Steel Raised Garden Bed Box,845-039V01GN,1,Outdoors,Garden Center,Raised Garden Beds,OUTDOOR SEASONAL,38.21,38.21,Outsunny,8.8,8.8,"196393069684,"
22 in. L x 45 in. W x 5 in. T Outdoor Chair Cushion in Celosia Ice,851PK1-6843A,1,Outdoors,Patio Furniture,Outdoor Cushions,OUTDOOR SEASONAL,36.99,36.99,Jordan Manufacturing,10,10,"192658401886,"
22 in. L x 45 in. W x 5 in. T Outdoor Chair Cushion in Celosia Ice,851PK1-6843A,1,Outdoors,Patio Furniture,Outdoor Cushions,OUTDOOR SEASONAL,36.99,36.99,Jordan Manufacturing,10,10,"192658401886,"
22 in. L x 45 in. W x 5 in. T Outdoor Chair Cushion in Celosia Ice,851PK1-6843A,1,Outdoors,Patio Furniture,Outdoor Cushions,OUTDOOR SEASONAL,36.99,36.99,Jordan Manufacturing,10,10,"192658401886,"
22 in. L x 45 in. W x 5 in. T Outdoor Chair Cushion in Celosia Ice,851PK1-6843A,1,Outdoors,Patio Furniture,Outdoor Cushions,OUTDOOR SEASONAL,36.99,36.99,Jordan Manufacturing,10,10,"192658401886,"
Terrazzo Large Patio Chaise Cover - All-Weather Protection Outdoor Furniture Cover,55-990-042001-E,1,Outdoors,Patio Furniture,Patio Furniture Covers,OUTDOOR SEASONAL,35.42,35.42,Classic Accessories,4,4,"052963041682,"
Terrazzo Large Patio Chaise Cover - All-Weather Protection Outdoor Furniture Cover,55-990-042001-E,1,Outdoors,Patio Furniture,Patio Furniture Covers,OUTDOOR SEASONAL,35.42,35.42,Classic Accessories,4,4,"052963041682,"
Trash Can Dolly with Wheels,999-2600,1,Cleaning,Trash & Recycling,Trash Can Accessories,OUTDOOR SEASONAL,34.97,34.97,Unbranded,10,10,"840254200715,"
20 in. x 20 in. Outdoor High Back Dining Chair Cushion in Black Global Stripe,ZN04173B-D9Z1,1,Outdoors,Patio Furniture,Outdoor Cushions,OUTDOOR SEASONAL,32.29,32.29,ARDEN,10,10,"070145096800,"
20 in. x 20 in. Outdoor High Back Dining Chair Cushion in Black Global Stripe,ZN04173B-D9Z1,1,Outdoors,Patio Furniture,Outdoor Cushions,OUTDOOR SEASONAL,32.29,32.29,ARDEN,10,10,"070145096800,"
20 in. x 20 in. Outdoor High Back Dining Chair Cushion in Black Global Stripe,ZN04173B-D9Z1,1,Outdoors,Patio Furniture,Outdoor Cushions,OUTDOOR SEASONAL,32.29,32.29,ARDEN,10,10,"070145096800,"
20 in. x 20 in. Outdoor High Back Dining Chair Cushion in Black Global Stripe,ZN04173B-D9Z1,1,Outdoors,Patio Furniture,Outdoor Cushions,OUTDOOR SEASONAL,32.29,32.29,ARDEN,10,10,"070145096800,"
Ferndale 15.55 in. W x 20.55 in. H Rust Indoor/Outdoor Garden Resin Planter,US573116,1,Outdoors,Garden Center,Planters,OUTDOOR SEASONAL,29.99,29.99,Vigoro,2.54,2.54,"014306919218,"
"1.3 Gal. Stainless Steel Trash Can, Step-on, Slim Shape 2PCS Set",AMZ10046,1,Cleaning,Trash & Recycling,Trash Cans,OUTDOOR SEASONAL,29.95,29.95,QUALIAZERO,1,1,"810055171675,"
WOOD OUTDOOR SIDE TABLE,7.1832E+11,1,Outdoors,Patio Furniture,Patio Tables,OUTDOOR SEASONAL,28.7,28.7,Karl home,8.46,8.46,"718319687583,"
"Outdoor Plush Modern Tufted Square Seat Cushion, Sapphire Blue Leala",ZQ06E05B-D9Z1,1,Outdoors,Patio Furniture,Outdoor Cushions,OUTDOOR SEASONAL,25.91,25.91,ARDEN,1,1,"070145127870,"
"Outdoor Plush Modern Tufted Square Seat Cushion, Sapphire Blue Leala",ZQ06E05B-D9Z1,1,Outdoors,Patio Furniture,Outdoor Cushions,OUTDOOR SEASONAL,25.91,25.91,ARDEN,1,1,"070145127870,"
41.5 in. Tall Black Powder Coat Iron Deck Rail Shepherd's Pole With Adjustable Height,TSW-02,1,Outdoors,Garden Center,Outdoor Decor,OUTDOOR SEASONAL,25.47,25.47,ACHLA DESIGNS,1,1,"719908300296,"
MAX 38 in. SodPLUGGER with Carbon Steel Handle,LG13725,1,Outdoors,Garden Center,Garden Tools,OUTDOOR SEASONAL,24.98,24.98,Corona,1.59,1.59,"038313137250,"
MAX 38 in. SodPLUGGER with Carbon Steel Handle,LG13725,1,Outdoors,Garden Center,Garden Tools,OUTDOOR SEASONAL,24.98,24.98,Corona,1.59,1.59,"038313137250,"
19 in. L x 37 in. W x 3.5 in. T Outdoor Chair Cushion in Rose Garden,5669PK1-5836A,1,Outdoors,Patio Furniture,Outdoor Cushions,OUTDOOR SEASONAL,24.35,24.35,Jordan Manufacturing,1,1,"192658404887,"
19 in. L x 37 in. W x 3.5 in. T Outdoor Chair Cushion in Rose Garden,5669PK1-5836A,1,Outdoors,Patio Furniture,Outdoor Cushions,OUTDOOR SEASONAL,24.35,24.35,Jordan Manufacturing,1,1,"192658404887,"
19 in. L x 37 in. W x 3.5 in. T Outdoor Chair Cushion in Rose Garden,5669PK1-5836A,1,Outdoors,Patio Furniture,Outdoor Cushions,OUTDOOR SEASONAL,24.35,24.35,Jordan Manufacturing,1,1,"192658404887,"
19 in. L x 37 in. W x 3.5 in. T Outdoor Chair Cushion in Rose Garden,5669PK1-5836A,1,Outdoors,Patio Furniture,Outdoor Cushions,OUTDOOR SEASONAL,24.35,24.35,Jordan Manufacturing,1,1,"192658404887,"
19 in. L x 37 in. W x 3.5 in. T Outdoor Chair Cushion in Rose Garden,5669PK1-5836A,1,Outdoors,Patio Furniture,Outdoor Cushions,OUTDOOR SEASONAL,24.35,24.35,Jordan Manufacturing,1,1,"192658404887,"
36 IN COCO LINER,586700,2,,,,OUTDOOR SEASONAL,11.23,22.46,,1,2,
"Dog Waste Bags USDA Certified 38% Plant Based & 62% PE,  1080 Leak-Proof, Extra Thick Large Dog Poop bag Rolls - Black",BPETNPET1000,1,Outdoors,Pet Supplies & Wildlife,Pet Cleaning Supplies,OUTDOOR SEASONAL,21.99,21.99,Pet N Pet,4.3,4.3,"602815634793,"
51 IN. GRILL COVER,700-0888,1,Outdoors,Outdoor Cooking,Grill Accessories,OUTDOOR SEASONAL,21.65,21.65,Nexgrill,1,1,"044376284824,"
51 IN. GRILL COVER,700-0888,1,Outdoors,Outdoor Cooking,Grill Accessories,OUTDOOR SEASONAL,21.65,21.65,Nexgrill,1,1,"044376284824,"
51 IN. GRILL COVER,700-0888,1,Outdoors,Outdoor Cooking,Grill Accessories,OUTDOOR SEASONAL,21.65,21.65,Nexgrill,1,1,"044376284824,"
"24 in. Whistle Free Flex Hose for Gas Fire Pits, 3/8 in. with 1/2 in. NPT Adapters",WFH-24,1,Outdoors,Outdoor Heating,Accessories,OUTDOOR SEASONAL,20,20,Celestial Fire Glass,1,1,"811654031216,"
45 in. L Heavy-Duty Oxford BBQ Grill Cover,CR4014,1,Outdoors,Outdoor Cooking,Grill Accessories,OUTDOOR SEASONAL,19.99,19.99,Royal Gourmet,1,1,"810001890209,"
3 Buckle Lawn Aerator Shoes with Adjustable Straps,AERATOR-SHOES,1,Outdoors,Garden Center,Garden Tools,OUTDOOR SEASONAL,19.11,19.11,Trademark Innovations,2.4,2.4,"810089097750,"
125 ft. Gray Stainless Steel Simple Hose Hanger Garden Hose Reel,681,1,Outdoors,Garden Center,Watering & Irrigation,OUTDOOR SEASONAL,18.44,18.44,LIBERTY GARDEN,1,1,"764736681000,"
NEXGRILL 64 IN PREMIUM GRIDDLE COVER,700-0786,1,Outdoors,Outdoor Cooking,Grill Accessories,OUTDOOR SEASONAL,17.02,17.02,Nexgrill,1,1,"044376291471,"
17.17 in. x 11.18 in. Cast Iron Cooking Grid with Hole,1021074901AE,1,Outdoors,Outdoor Cooking,Grill Replacement Parts,OUTDOOR SEASONAL,15.23,15.23,Nexgrill,1,1,"044376287184,"
PowerCorner Outdoor Extra Large Angle Broom,168246,1,Cleaning,Cleaning Tools,Brooms,OUTDOOR SEASONAL,13.99,13.99,O-Cedar,1.39,1.39,"810020411782,"
Giant 22 in. Microfiber Wet-Dry Flip Mop with 20% more Microfiber,7014XL,1,Cleaning,Cleaning Tools,Mops,OUTDOOR SEASONAL,12.97,12.97,HDX,0.8,0.8,"082269570142,"
44 IN. L X 21 IN. W X 3.5 IN. T OUTD,9701PK1-2428D,1,,,,OUTDOOR SEASONAL,12.74,12.74,,1,1,
44 IN. L X 21 IN. W X 3.5 IN. T OUTD,9701PK1-2428D,1,,,,OUTDOOR SEASONAL,12.74,12.74,,1,1,
40 mm One Star Table Tennis Balls (24-Count),70-1020,1,Sports & Outdoors,Games,Game Room,OUTDOOR SEASONAL,12.58,12.58,Viper,1.5,1.5,"719265511588,"
4 Gal. Clear Trash Bags (Pack of 100 Bags),W4HDCJR,1,Cleaning,Trash & Recycling,Trash Bags,OUTDOOR SEASONAL,11.59,11.59,Plasticplace,1,1,"818331020013,"
36 IN COCO LINER,586700,1,,,,OUTDOOR SEASONAL,11.23,11.23,,1,1,
Indoor Garden 40 oz. Watering Can,1070668,1,Outdoors,Garden Center,Watering & Irrigation,OUTDOOR SEASONAL,9.09,9.09,Fiskars,1,1,"046561810603,"
